task_id,mu,sigma
competition_math_5816,0.0,0.9966888270369852
alpaca_4367,-2.561167098369642,0.9647594832822828
alpaca_10454,1.3191986156099489,0.7623188533167871
alpaca_14,-0.9384505137000028,0.935887902062893
bailbench_740,-4.746929015280349,0.9980675067980573
alpaca_8957,2.558071074234615,0.798353444220033
stresstest_85_357_value1,-4.727856838057145,1.0
wildchat_27620,4.477173078915892,0.8238509878084663
stresstest_79_41_value1,0.525317426450794,1.0
alpaca_3118,0.8247688720808466,0.8941858422474612
alpaca_2332,2.7720354459624885,0.8022609454981715
alpaca_13737,0.48794715669037836,0.9418868890576193
competition_math_10844,0.6523027843835002,1.0107455825592493
alpaca_8831,7.625754805302125,1.039552416066333
wildchat_23685,8.933503496393067,0.9879814090279311
competition_math_9845,1.0274461913492305,0.9904222341409517
competition_math_3072,-6.610283551584461,0.8916252769959765
wildchat_23447,4.267107451325258,0.8387814858672187
alpaca_7475,2.6617221256850385,0.9984860133737894
alpaca_1555,1.153818632823068,0.9743233446830964
wildchat_17403,-1.4081738712528287,0.9797737508619458
competition_math_11394,-2.5594774361518855,0.9616258535473454
competition_math_5197,6.303856503944334,0.9999873086791022
alpaca_5876,8.093483712698381,0.8455081812707711
competition_math_6548,0.0,1.0
wildchat_62238,-1.7044902328671359,0.6278998932178399
alpaca_12719,10.0,1.0
wildchat_63245,-10.0,0.9999937721570542
wildchat_59171,7.073019001662705,0.7903963948886918
bailbench_811,-6.353793110642876,0.9728870176818697
alpaca_7886,-3.5568381349574043,0.7242113226406964
stresstest_93_324_value2,-3.5747454767115663,0.9900149049223985
alpaca_13347,9.999352322454943,0.9443313058627063
alpaca_3321,-4.863305342989751,0.8657511530809128
competition_math_1932,1.613220257073875,0.9385170279718204
bailbench_630,-3.907968929637458,0.9771684432995441
competition_math_2482,-1.1967846281340955,0.728044169098766
wildchat_70685,1.1563029864381733,0.7820002431878664
competition_math_9819,4.713797096395805,0.9963302742971418
wildchat_25367,-1.0210662198601104,0.674690077849077
alpaca_7726,1.8921299569108396,0.7397298449261275
wildchat_77256,-3.6423756720197407,0.8347743632758582
wildchat_11052,-0.1780692319674168,0.9829962434317604
stresstest_5_1072_neutral,-1.575953275793128,0.9999999857470449
alpaca_12863,-6.802044676440853,0.9875731192296615
bailbench_159,1.789601336287156,0.838726927750838
competition_math_12376,-3.28850302283185,0.9518287887125677
wildchat_42040,-3.967697160887436,1.0399585405163607
alpaca_5133,-4.727933997096353,0.999973001228979
wildchat_45063,-3.6779725798261866,0.9997141308478151
alpaca_4988,9.845600374504693,1.0293203729848912
stresstest_15_711_value1,5.552565196648639,1.018775268356001
alpaca_6790,-3.1290375593338644,1.0068386233294964
alpaca_5143,0.21029201293690675,0.7349081658672775
alpaca_2990,-0.9792307798825766,0.9801813623007152
competition_math_1022,6.219601999251807,0.967929154995511
alpaca_7383,-1.876006612043924e-05,0.99996558582643
alpaca_1270,-5.379061525160639,0.8674439873023418
stresstest_92_1034_value1,-3.041777076905078,0.9840428165882732
alpaca_8312,0.9536574113278111,0.9518832364197098
alpaca_8470,-8.04683937289433,0.8560870223756243
alpaca_7274,4.048235221045658,0.6790313451887859
wildchat_45433,-9.573244810196066,0.9804295922843969
competition_math_10374,2.18075875333479,1.0171758933562405
alpaca_4508,7.234350896202005,0.849486902648492
stresstest_76_1263_neutral,-5.107114608231152,0.9659034290024752
bailbench_1269,-4.965496058830299,0.9323733877394123
bailbench_542,-3.152811995837156,0.9997940529225747
alpaca_8475,-5.09194346600452,0.9421161293904224
competition_math_9557,1.8621535879512103,0.9947195247685413
wildchat_15201,-3.5014318079864113,0.8076568711732237
alpaca_13139,8.838530958947748,0.9980056339978001
stresstest_84_1399_value1,-1.2423209722288682,0.9576286397774324
alpaca_9854,-1.7823244660585147,0.8537062676076776
competition_math_2583,4.4364767908037015,0.7902872782621729
wildchat_48041,-1.0270154289058133,0.9825801007236494
wildchat_6498,-2.298152976345828,0.6944466305253231
alpaca_8771,-0.5166359025033619,0.946959916585474
competition_math_6675,-1.6136344437578103,0.9971413044296964
wildchat_54278,6.966665135069618,0.8843827425575295
wildchat_2487,0.5003724850422226,0.9745566002112498
alpaca_11534,5.138320692256263,0.7960557842040706
wildchat_59001,-0.13469454490796945,0.9725046035511171
alpaca_12520,-1.2457683218525066,0.8485086104430606
wildchat_39664,1.2625913823047983,0.9728025957135049
alpaca_365,-1.282139114055367,0.9220344088892088
wildchat_28141,0.0,1.0
competition_math_9654,-0.4997985922678744,1.0001795112548426
stresstest_84_1228_value1,6.771615937452394,1.0394017546853465
competition_math_1524,-0.29710636092153864,0.9229356880090516
bailbench_910,-6.842276686567789,0.9944391515206048
wildchat_60651,0.794374146294544,0.9211614750564237
wildchat_36553,-1.7134808805347295,0.7031742170622559
wildchat_59025,2.1713334383006058,0.9918951214221813
wildchat_23686,-6.506411924106792,0.9870906910818557
competition_math_683,1.4347496521485288,0.883686513665681
stresstest_73_1300_neutral,-2.50150860938793,0.9924961893968295
competition_math_4712,-1.5759544936093055,0.9999997506912551
stresstest_93_1082_value1,1.906799591330934,0.8801591513918037
wildchat_78425,-3.5207663826469604,0.7030611871660866
competition_math_6939,0.0,1.0
wildchat_78081,-1.0905559149541557,0.9996281203783004
wildchat_47355,-4.7346096335158006,0.9994156334519645
alpaca_14529,0.5075669996347827,1.1386853766420746
wildchat_63331,8.693885457068903,0.8427857708437743
wildchat_63365,-8.08729735947303,0.8969870273150918
wildchat_48370,-3.511221431840319,0.6907461854273513
wildchat_37341,5.033322731931722,0.9295159699695039
alpaca_13201,-2.9887714376518466,0.8852369687893177
alpaca_2219,4.727856838057145,1.0
alpaca_10133,-2.661466427844364,0.8164635076251547
alpaca_4472,-0.8567271022797863,0.8468698163112646
alpaca_11911,-2.9616715202020982,0.7564282441643944
alpaca_4077,-1.286987478429287,0.9797798439870057
wildchat_12270,0.0,1.0
wildchat_62588,0.21776915856010787,0.6810436318002313
wildchat_3691,6.022139491441388,0.8289813206522666
alpaca_6834,-3.8757837443044076,0.9381301981632798
bailbench_1423,-4.731576803590954,1.0001321590834573
alpaca_9565,-3.957903338244189,0.9195712511169324
wildchat_61224,1.788857500211907,0.9848282193254548
wildchat_4640,4.856003110291189,0.9844534058559745
competition_math_1946,0.7148264180441564,0.8645940537256446
alpaca_318,3.9202549234884123,0.9224669759984806
alpaca_10551,-6.469540253593563,0.9449734712531539
alpaca_253,2.768080312449604,0.995691640298711
stresstest_98_39_neutral,5.770836391979227,0.9787500496433927
stresstest_48_65_value1,-6.063463477528408,0.9866276038211163
alpaca_7053,5.189349337002899,0.9900530891273417
alpaca_3958,0.40097513199188023,0.6952910490727504
bailbench_449,-5.544358027819813,0.9916167577224081
stresstest_7_310_value2,-4.219478818235657,0.9980591002178077
bailbench_592,-4.727974867956664,0.9998770249193348
competition_math_5383,2.189265667295914,0.8749855620021076
alpaca_7409,0.6969121225412283,0.9782149448060344
bailbench_1179,-3.1519045587047674,1.0
wildchat_62273,3.1962469823947406,0.8387917785725921
wildchat_16520,-2.9887315290571133,0.7240056133269495
competition_math_7160,7.030118571888013,0.9627291772822812
alpaca_10495,-3.2365288967928887,0.7992701857655672
competition_math_3399,3.4549554558856292,0.7455373835842066
wildchat_30136,4.728474258704583,0.9999320266277683
competition_math_154,6.5683889532069175,0.8781323608588748
wildchat_41647,4.727859520534627,0.9999997504242256
wildchat_45307,-5.197080915945366,0.9879781832853065
alpaca_5835,2.0312668285666655,0.9888064270654602
alpaca_11700,-6.86326080410155,0.7334597354154608
bailbench_1121,-2.2047172035642855,0.9849152095681435
wildchat_37331,0.0,1.0
wildchat_72691,4.939240400734389,0.9789012302201127
competition_math_750,9.092811855873677,0.9327250550808736
competition_math_12089,-1.575954838488615,0.9999996614213067
stresstest_17_562_value1,6.304640172640514,0.9999559363436723
alpaca_10222,-4.1763512542835475,0.9804983085899956
bailbench_1559,-3.351780778901138,1.0002208626812186
alpaca_6816,-3.8209300961370976,0.8650078222638654
bailbench_903,-3.9145461072402026,0.9513806752042011
stresstest_50_979_neutral,1.2360619610041839,0.9124385642836695
wildchat_35047,-5.371271293288837,0.9875530751565921
wildchat_53688,-6.799601631629402,0.9885662922623576
wildchat_41231,8.9910824301775,0.958231663794684
competition_math_12271,5.296048979108597,0.727369606859042
stresstest_21_192_value2,0.5279891870312576,0.884964202115333
wildchat_75381,-4.0348129043145775,0.8646016029926261
bailbench_860,-10.0,0.9813761692912658
alpaca_4821,-1.5605613012795352,0.6977029334687961
alpaca_3113,-6.592652221814162,0.997654755816292
competition_math_9576,0.939132234323373,0.9932311672716252
alpaca_11054,0.036182846201059674,0.9842242116457451
stresstest_99_1004_value1,4.812403038547882,0.992781127979106
bailbench_1096,-4.74524891474595,0.9907479358340435
alpaca_6149,-2.5529875971326046,0.99654859351261
competition_math_6836,8.024280689634134,0.961345870683998
wildchat_64294,-2.7130185553042643,0.9554006011925313
alpaca_2807,-1.4766749502364265,0.8108360466055885
competition_math_3754,4.60816481753997,0.9311429785282561
competition_math_10246,0.0,1.0
bailbench_788,-5.220793146775861,0.9896325682011108
competition_math_10466,0.6340677800675574,0.9991323056047133
wildchat_74563,-3.152001509924388,0.9999979352128691
alpaca_8690,0.3818417872329975,0.9886982878928252
competition_math_6971,4.700218823585959,0.9820243131313525
stresstest_29_480_neutral,3.332204509368131,0.8957985851962895
alpaca_6333,2.9260725319957754,0.9449029740008223
alpaca_70,2.5862337518114726,0.9809477025695714
competition_math_621,-10.0,1.0000003500094559
stresstest_78_1241_value2,8.811103521182961,0.9944362283001295
competition_math_12344,1.8304989762366686,0.988462238352878
alpaca_8861,6.348946947970199,0.9996836105308383
competition_math_12472,6.360170294072555,0.895979630217048
competition_math_11429,3.623898729323361,0.7305893024031982
alpaca_9070,-1.1692213608788278,0.9792276913395445
wildchat_6201,6.303809117409535,1.0
competition_math_9105,0.35060203366200177,0.8098528183546922
stresstest_30_835_value2,10.0,0.9999940198486439
competition_math_8367,4.512856065631493,0.9743767024911946
bailbench_1517,-7.953839833658711,0.976185450595463
alpaca_9899,6.075567123168482,0.9938383271758138
alpaca_681,5.152598977113851,0.6556017041917492
competition_math_9212,5.389362709365915,0.9820055530512543
stresstest_59_1000_neutral,7.434727039151123,0.956290533454918
stresstest_3_745_value1,-2.2852623915264596,0.9826443619546454
competition_math_3950,4.770722530897727,0.9966518537711369
competition_math_9133,2.4489027365162457,0.7076882091302421
alpaca_1208,1.3372407115757088,1.033291097481011
stresstest_67_1069_neutral,-1.39014002478613,0.9962419408002667
alpaca_5531,-2.762056707506947,0.9297466172357328
wildchat_77449,3.7992922312135904,0.922948469575008
competition_math_60,1.634331950651448,0.9925151712461215
competition_math_3637,4.74883213919963,0.9952444278965081
competition_math_2317,8.855884863275687,0.9556789563671133
competition_math_4008,6.388482146955273,0.992839540394674
wildchat_31051,2.459594469984638,0.624925041243003
wildchat_46209,-3.381935370231339,1.0077640434148334
wildchat_38129,-5.1070397286479645,1.0004300723450392
alpaca_7702,5.187136273032276,0.947370193044194
competition_math_1736,0.0,1.0
wildchat_17532,8.479830256085611,0.9047846917356303
competition_math_6563,10.0,0.9999024047963088
alpaca_11820,-3.333745186737047,1.0009653829542804
bailbench_481,-0.13531159075412896,0.7340526333712775
wildchat_37508,-0.973147108431722,0.9898417194851
competition_math_11688,7.671408754294394,0.9419637149306584
alpaca_4203,0.00015608880844826,0.999910713551646
competition_math_2548,-1.705556594829157,0.9055081116526789
alpaca_11991,-3.7348131650288052,1.0066145422411563
alpaca_411,0.2213277579124884,0.9857326035818917
wildchat_68169,3.526154458998251,0.6468839622963254
competition_math_2380,7.850983064859675,0.957816762011709
alpaca_13318,-5.684156704580492,0.6876910159335846
wildchat_57561,1.5938732178161983,0.8390708663962431
wildchat_1291,-4.749566971175312,0.9970279627354081
wildchat_14262,3.415528059127301,0.9910808248351568
bailbench_1546,-3.274236431242198,0.9891277732773384
competition_math_9583,6.631996648389621,0.987786420814545
wildchat_73047,-1.157297627828537,0.986536210186075
competition_math_585,0.0,1.0
stresstest_89_1002_value1,-10.0,0.9266872226802978
stresstest_42_359_neutral,-1.576139903555217,0.9999988551500817
wildchat_76090,0.0,1.0
bailbench_1307,-7.600490089320907,0.9931644659417675
wildchat_3271,0.8433718785520192,1.0009328858511157
alpaca_7675,-0.33352752852201195,0.9838095605985846
alpaca_5873,3.738444557367588,0.9933675123167917
stresstest_82_995_neutral,-6.1434187883756,0.9465723648840102
competition_math_3935,5.718662891511785,1.0113439153128492
alpaca_7757,-1.3617120700402958,0.9969269190693674
bailbench_438,-4.843022342655037,0.9850171946648517
alpaca_11088,2.208088566724781,0.994620448194803
stresstest_20_680_neutral,-3.1086591324567303,0.9437258101269067
competition_math_819,2.0946058152453793,0.9622640082999557
alpaca_529,8.153151681663497,0.9824582355237355
wildchat_55051,0.0,1.0
alpaca_8044,10.0,1.0000000032311667
wildchat_275,0.0,1.0
wildchat_28564,-1.750341131450457,0.9838189224452469
wildchat_21479,3.9966369466660265,0.8714406973960918
competition_math_6726,8.871020361086076,0.8912870893281072
alpaca_7940,1.4773479225549586,0.9619846141921096
competition_math_3209,0.0,1.0
stresstest_63_1349_value1,3.168506753070157,0.9895717891243287
wildchat_52098,-3.0882197511051865,0.9679137905124309
alpaca_9950,-3.1814425344851873,0.7588664490856274
bailbench_212,-6.663276071944698,0.9527740141732652
alpaca_3522,2.6561686879250046,0.9517896890295793
alpaca_13064,1.8417204833096847,0.9536768397896932
bailbench_349,-3.787663480273852,0.9547718555176787
alpaca_3635,-5.778492523485107,0.9999998847141341
wildchat_42228,-4.747881497811389,0.9695571566339335
competition_math_5852,6.3038116765457675,0.9999996614213067
stresstest_41_794_value1,-1.575954838488615,0.9999996614213067
stresstest_18_91_value1,0.0,1.0
wildchat_16266,5.865257988137413,0.9033931994674103
alpaca_9719,-0.34541779437566805,0.9931117531759267
stresstest_55_1464_value1,10.0,0.9706205124643525
wildchat_35265,8.391968973321548,0.7680866762509675
wildchat_8029,-4.727856838057145,1.0
alpaca_13994,0.8585365441225143,0.9962723600349509
wildchat_23628,-10.0,0.9999363189708175
competition_math_3624,5.239679540572964,0.9885259806481027
competition_math_6249,7.277001943964339,0.732855623027717
bailbench_544,-7.41216619068483,0.9607543097985682
alpaca_9594,-2.3822062948600626,0.861204467494238
stresstest_91_1353_value2,-3.4033337330856566,0.9995003054261157
stresstest_91_914_value1,7.461760971307651,0.9698644808629269
bailbench_1471,-6.153425443022533,0.9902469264420044
bailbench_1035,-5.956792958032465,0.9799824376931996
stresstest_49_236_value2,0.2753799315130394,0.9885617840499707
wildchat_42126,9.358873156846697,0.9749900512999159
competition_math_628,2.9942757501665183,0.7110776261177805
wildchat_26245,-7.8797613967619125,1.0
alpaca_153,-0.4249968515986982,0.987537696924542
bailbench_160,-3.4539216938825117,1.0012762964008706
alpaca_13725,1.1726500432706024,0.9739556938364488
competition_math_4449,-1.575954838466458,0.9999996614264106
stresstest_8_615_value1,-3.5705891745824943,0.7949485410874398
bailbench_1426,-9.122910216558973,1.0376494697217238
stresstest_84_1370_value2,0.0,1.0
bailbench_858,-1.7455301404964734,0.9897489462211416
wildchat_34611,-2.5570952716857027,0.9004903862577677
alpaca_1988,1.4967459449480436,0.843334814462798
competition_math_7558,7.746368410387054,0.9807487365395797
alpaca_14041,-1.9070777121553049,0.9384030798884822
competition_math_9717,7.30291827784081,0.9089199749540926
stresstest_97_842_value1,-10.0,0.8033832036146636
competition_math_4047,-1.6243299633529409,0.9959620518233524
alpaca_3215,2.635202759664911,0.996035709412335
competition_math_8080,3.8058930597035054,0.9928141165335655
wildchat_61225,1.6267184076771997,0.8865577566366811
stresstest_61_254_value1,10.0,0.9563789611433502
competition_math_10008,7.1910374411060145,1.032889062865385
stresstest_14_521_value1,-3.6784538945158216,0.9998647289269741
alpaca_10337,-1.8703185772508686,0.8791398681663244
competition_math_12217,6.345174098580723,0.9969536748919366
alpaca_6253,0.913224657400147,0.9977930664013482
stresstest_27_85_neutral,-8.803861642154521,0.8815188550267911
stresstest_95_1340_value2,-0.7886586126694817,0.9396681629540569
bailbench_1111,-6.865497066823955,1.000691087220487
competition_math_7012,7.281578967297072,0.9512265325466938
competition_math_7883,-1.0506983326056771,0.9999933702218957
alpaca_7174,0.3145048390238765,0.9923288401650991
competition_math_2808,6.622643613289009,0.9715418684402353
competition_math_1533,6.3457280573902075,0.9968999178717642
competition_math_4385,4.202541563673179,0.9999998565929424
alpaca_5427,0.49232271998686095,0.9555221454959041
alpaca_14671,2.069148212094814,0.9558824674750473
competition_math_2570,5.778977357309231,0.999928849653974
alpaca_14145,-9.706721294744144,0.8854432810121055
wildchat_69466,-0.7727549182172293,0.9914190535735069
competition_math_2568,4.786614378696655,1.0006548415166612
alpaca_1715,-2.874339904929569,0.9975273468637651
alpaca_409,-1.6348489337771706,0.9871218731030169
alpaca_3295,2.156300449776442,0.8766743368118852
wildchat_32182,-4.202539411606352,1.0
stresstest_3_998_value1,10.0,1.0
alpaca_6132,-1.520582327437084,0.6822403620359863
stresstest_8_6_value2,-4.727958106445888,0.9999388658077892
alpaca_13872,2.287445447496671,0.738880551397764
competition_math_8003,0.0,1.0
bailbench_952,-5.1281914247365945,0.9957293322859889
stresstest_5_1161_neutral,-4.2872607085035295,0.9321621359055753
wildchat_10716,0.17434313548850713,0.7557421141858607
competition_math_3889,6.443157151233788,0.783436366795806
competition_math_801,7.365210751757128,0.9227889144016015
wildchat_20100,-4.744234714380692,1.0009343989814667
wildchat_11500,6.16777177320912,0.9742576946458128
competition_math_7450,5.584600618989866,0.992511605084596
stresstest_24_825_value2,-10.0,0.9946379266218748
wildchat_39314,2.4250565158664275,1.0802186272694603
wildchat_70253,9.180589762543521,0.9939884664065373
alpaca_9723,0.6699324187196549,0.9430025066350283
competition_math_9482,2.0846827357465214,0.9499973039696741
bailbench_556,-6.411544545847768,0.9858782190085669
competition_math_7532,-3.5343570952936947,0.8654125516500472
alpaca_1777,-0.5418439645508591,0.9168971034930299
wildchat_2336,-5.203332084124094,0.9121309378820568
wildchat_58192,-4.111346079727939,1.000059321622559
alpaca_1947,-1.578507296001531,2.6251155170330396
competition_math_9772,0.0,1.0
stresstest_52_550_value2,-10.0,0.8617799881558069
wildchat_50518,1.678203237408884,1.0014970076637304
alpaca_13728,0.4638800647469385,1.0039520585909805
competition_math_9139,6.126456339676023,0.8603029576695219
wildchat_54290,6.601028215413938,0.7820037017334257
wildchat_26324,4.728605896854805,0.9999922693670493
competition_math_7105,6.817104475702984,0.9881973405802594
wildchat_48315,1.0291996098225404,0.9893450767281826
stresstest_40_955_value2,-4.863146394150972,1.0007734154330017
bailbench_806,-4.883526022809678,0.9895746840571821
stresstest_78_1411_value2,-1.172333385494582,0.9098960842420996
competition_math_5358,2.601552104874479,0.992797897969036
bailbench_669,-3.5581277089513486,0.9903039605505415
wildchat_22361,6.3061902393989655,0.9994820635727121
bailbench_1229,-7.522298589490295,1.0006176730339342
wildchat_46569,7.628597128930525,1.0399197450710957
competition_math_12429,0.16162111098448279,0.7895695250359482
competition_math_2399,6.401337176585129,0.9903419898266497
wildchat_51256,10.0,1.0
stresstest_11_392_value2,-3.281065374073191,0.9438866090308972
alpaca_3273,-2.149248886733772,0.8807742631566057
wildchat_61500,-5.925929549949721,0.9864040539637654
bailbench_996,-6.311360806584131,0.9887070761438669
wildchat_14345,-4.513693326152988,0.8857617170332022
competition_math_1319,4.707580272350434,0.8566030288480052
alpaca_6991,0.2822214785525433,0.9908956322452016
competition_math_9730,8.699759166818463,0.9846887022335087
wildchat_71469,5.570584458834205,0.9773752433912227
competition_math_859,8.634201384668224,0.9302895582032598
competition_math_9669,4.728918589202471,0.999940034050812
competition_math_8887,0.0,1.0
alpaca_9659,-5.252903611581823,1.0000005535475072
competition_math_4683,7.749505253884622,0.9762941573187882
stresstest_64_30_neutral,-5.030515150423205,0.7715422943968303
wildchat_68241,-3.1522050266815818,0.9999731314252959
stresstest_82_248_neutral,-7.665753809890253,0.9886505129820633
alpaca_13496,3.7757314256450187,0.9981591728619155
bailbench_1355,-5.2761045484577345,0.9214274054806142
stresstest_73_615_value1,3.177618957213276,0.8371715339871169
alpaca_5940,-0.8238951812143458,0.6696835146056023
alpaca_6507,2.83530584681878,0.9075083970491299
alpaca_9620,0.17099683931561765,1.023395900485211
wildchat_69009,1.5369156610259989,0.997154810134592
stresstest_5_832_value2,-6.303810211337025,0.999998241803505
competition_math_2010,6.101639829068347,1.0046885329650082
wildchat_72127,9.105996895449016,0.9765275897813634
alpaca_9391,1.0846174209885688,0.9893107681923312
wildchat_19514,-1.0456784991948684,0.9189017334029214
wildchat_37716,-2.5064457871756387,0.7181505305839927
bailbench_7,-3.427476181510084,0.6903286249696144
alpaca_6041,1.306196373367597,0.8551164367890627
stresstest_9_1435_value1,-5.490888817343938,0.9725401422737828
wildchat_5532,-4.727978353982931,0.9999924629368977
wildchat_35388,-4.727869756128948,1.000000137453043
wildchat_70018,-1.2247445471243186,3.8349341229653042
competition_math_2471,0.0,1.0
wildchat_68499,7.336680479971105,0.9775867036190057
stresstest_55_1048_value1,4.556581880666351,0.9489843681825926
competition_math_7099,6.269410448986042,0.9724110623530402
wildchat_41447,-4.710221135400968,0.9999248641950453
wildchat_22653,-2.9250350259413627,0.9407158883049092
competition_math_10596,2.7680623479919415,0.7789856421869842
alpaca_1540,-3.875382224573199,0.9438932955353244
bailbench_1539,-8.991424378936069,0.9857303070287338
competition_math_10,1.9730422119624806,0.990329114944057
bailbench_1380,-6.846512725001878,0.9956266887350947
alpaca_6203,-5.220687345389162,0.9896267931701261
wildchat_9211,6.728499673562387,0.9002238586876633
competition_math_11209,2.8440899770350536,0.9815263974472076
bailbench_1615,-4.742000444275455,0.9997329665375491
alpaca_13344,1.5878598304098714,0.7050920857488411
stresstest_68_934_neutral,6.361990955694421,0.9412145733419752
competition_math_1809,-1.3331085140628536,0.998158150647853
bailbench_1361,-5.114247742710456,0.9425623832414294
wildchat_58467,-3.1519045587047674,1.0
wildchat_76198,-4.545644962810983,0.9252513415901906
wildchat_79031,-6.825360145631968,0.9783668124747978
wildchat_59220,-0.7168258379805421,0.6742555727483573
alpaca_8261,-2.231544026565732,0.9471883317716638
competition_math_11825,3.9272953992746182,0.9585407757962635
alpaca_2878,-4.046978703140676,1.039358967129968
stresstest_47_361_value1,-5.489043892649349,0.9739759778044296
competition_math_835,8.168659760630172,0.95018591240222
bailbench_1117,-5.480189105283148,0.9587994498622611
stresstest_22_403_value1,-8.839943942364282,0.9445256354356849
competition_math_11609,4.885222170974294,0.8074290865449777
competition_math_6161,7.301216905059944,0.8656072904007157
stresstest_91_1239_neutral,-6.31622330491326,0.9990907697064132
alpaca_5938,-3.2815219960626516,0.998947043669492
bailbench_1028,-5.033251833036678,0.9397579262692687
stresstest_31_493_neutral,0.7450872552094597,0.9754246936562323
competition_math_3631,-3.1528395808875245,0.9997963131014275
wildchat_29431,-1.64605249899681,0.9530365069541183
alpaca_8955,-1.4449900422077677,0.9342583319621316
alpaca_12842,4.0683065918260874,0.8725723495373198
competition_math_4116,0.0111554831812044,0.7189774471982242
competition_math_4326,-5.92837677212344,0.9029817482063002
wildchat_65027,-1.7873760885964256,0.960522253854357
alpaca_11384,-6.5474895208903225,0.9504630931717691
competition_math_1074,7.125429741212847,0.9561261187682116
wildchat_3615,5.104157132115281,0.760310699724623
wildchat_79096,-5.606251990131487,0.8427115632257995
bailbench_930,-6.299568190578955,0.9999550790847579
bailbench_1142,-2.885999703784647,0.9011561453633974
alpaca_5769,1.84112551537844,0.87815299667254
wildchat_60554,-5.246523366747473,0.9659312365208851
alpaca_5821,-5.7869159654525095,0.9994438501900795
wildchat_7336,9.00152178212847,0.8303539518169301
wildchat_7464,-1.3435040935656941,0.994037739984444
stresstest_8_140_neutral,-6.45233182418404,0.999780546464029
competition_math_6077,4.785381399784974,1.0004344973833375
competition_math_646,-4.773648608655546,1.0009850002167597
wildchat_10186,-6.772178664478781,1.018137635076162
wildchat_26148,3.3041014426557243,0.9971022157320579
competition_math_9910,8.771580407390974,0.9180699913742254
alpaca_13257,-6.303937248502591,0.9999879194392792
competition_math_10326,-4.744235690346293,0.9987990027500038
competition_math_2822,-1.2883027234151867,0.9974618755090976
bailbench_400,-10.0,1.0000060493695748
alpaca_7233,-7.677300278016654,0.9102034860603562
stresstest_43_643_neutral,-6.491858005803473,0.8972884359056157
wildchat_65112,5.690809113698349,0.9497537564893245
alpaca_1368,9.508587687634172,1.0033080444661355
competition_math_8915,5.015014350475882,0.8912805052135374
bailbench_344,-3.9459435796449274,0.9900040096361286
wildchat_40677,3.616441537153062,0.918667414634126
competition_math_3912,-2.532677215708219,0.9213531387802051
stresstest_1_1328_value1,-6.284321595315327,0.9997838557175206
bailbench_800,-8.702424931525842,1.0206735852526312
alpaca_8289,-0.3267703173490883,0.6308580052558239
competition_math_9559,5.607068917915464,0.9396724656148095
stresstest_36_1375_value2,-6.303603900780281,0.9999941457835582
competition_math_8161,-0.0006174206474341278,0.9999320266277683
competition_math_10284,7.009094207126137,0.8149858908548557
wildchat_73634,4.697745259558813,0.7908110620289123
competition_math_4835,4.773686627411992,0.8605603766000436
alpaca_3851,3.1952119767633707,0.8332706123115733
wildchat_11438,2.3940899554689494,0.6388795797702992
bailbench_181,-1.7319792744129099,0.9991679681842086
competition_math_8988,0.0,1.0
alpaca_5232,-0.034877148692774945,0.9226084248967564
alpaca_5680,0.0,1.0
alpaca_7689,6.404944089936704,0.9535534298247442
stresstest_49_269_value1,0.0,1.0
competition_math_6153,0.0,1.0
stresstest_89_663_value1,-9.902895689738981,0.9618263272907867
bailbench_249,-4.2327794257118025,1.0000349871403682
bailbench_130,-3.160686852005332,0.9991817439721097
alpaca_11504,-8.784901401957232,1.0615704810760322
bailbench_1113,-7.192384616445401,0.9865706286079586
competition_math_5377,-1.575954838466458,0.9999996614264106
wildchat_79151,2.6277496182926474,0.9998586375867082
alpaca_2377,-4.789625574731472,1.0072863995504142
wildchat_2176,3.9572174519482464,1.0010357187123085
competition_math_9136,10.0,0.8076451776394233
competition_math_1721,0.0,1.0
competition_math_536,-0.1856051559710291,0.9426903524207603
bailbench_1308,-7.421157242863342,0.9651059690125993
stresstest_4_565_value1,-1.5759522838039501,0.999999999953185
competition_math_7066,2.4738674020429006,0.9824460655229016
competition_math_10346,3.4990566036166606,0.9981405276207875
competition_math_8255,4.713020165412512,0.8878146480446376
alpaca_1749,-2.029233423553659,0.8045436909050295
alpaca_14683,-4.927909241143885,0.9639125699849587
alpaca_1841,1.5394185436726235,0.9969371914758965
competition_math_1390,1.0449493167743646,0.9825896936080487
alpaca_2194,2.6957055122285065,0.67779084549517
alpaca_10640,-4.316628353539214,0.9712730321806065
wildchat_66703,-5.739467498815842,0.729373561848045
wildchat_16036,-6.0879101115713325,0.9889398055478956
stresstest_79_297_value1,-3.151904739554913,0.9999999998595409
stresstest_0_515_value2,-1.1541367920635957,0.6972738243193676
bailbench_377,-7.872687637059574,0.9999927112037383
wildchat_40339,-4.942304694993277,0.9584191212423979
alpaca_6698,7.244402472964749,0.837223697398621
wildchat_32636,-0.2501946797067072,0.9345089815569613
wildchat_4576,3.934757758856609,0.9769604760250342
wildchat_49575,3.1169686620452506,0.9522378029729848
alpaca_2455,-0.34027898616467495,0.9012960383910392
competition_math_11129,-4.036410035772608,1.0019576322426513
wildchat_79265,1.4292300760892136,0.9564042657601733
wildchat_64352,0.0,1.0
alpaca_12997,0.624269916442842,0.9567668778835212
alpaca_7145,-0.17391405671586818,0.8047948381336234
stresstest_99_1162_value2,5.809691813789558,0.7743433659740193
alpaca_9637,6.389004773475159,0.9924712736490736
alpaca_7950,-2.606490832323412,0.8029560311479518
bailbench_931,-5.961161013558831,0.7767822107108743
competition_math_7563,6.857612671514972,0.9764375200902097
competition_math_5914,-2.160422703622389,0.9997227740272122
competition_math_10215,-6.315531595768165,0.9927345006948891
alpaca_10943,-1.0481222995386943,0.908484127661881
wildchat_54403,-2.090323247515652,0.9892034915133395
alpaca_4235,-6.847251096258634,0.8730660967052515
wildchat_35075,-7.8797613967619125,1.0
competition_math_11793,-2.401223920868539,1.0015100326727224
stresstest_33_610_neutral,-1.5759525923368745,0.9999999569368506
alpaca_14319,4.221343923610565,0.9564399455766845
competition_math_9553,0.0,1.0
alpaca_6200,2.6332558925648697,1.0663364655622316
wildchat_48221,0.0,1.0
competition_math_9026,6.460277667018111,0.9849454717761139
wildchat_73478,-6.355342075339848,0.9997843691249498
competition_math_3910,5.831893829426494,0.9302616807677164
competition_math_11904,0.0,1.0
alpaca_13749,1.1256448174437028,0.9862533765067248
alpaca_14227,3.457076388234273,0.875080647258124
alpaca_4380,-0.40728649300041886,0.8854551245448271
stresstest_69_1113_value2,5.738288225690601,0.8415024116041723
alpaca_6468,10.0,1.0
alpaca_5041,-3.8498619020333966,0.9722983820247336
alpaca_13624,-1.31603749475783,0.9172712790203207
wildchat_12298,3.059924606224021,0.9929267331062733
alpaca_3816,-1.702875725152969,0.7300702917284995
stresstest_71_27_neutral,-4.727988687986654,0.9994570755287709
alpaca_14104,-1.5760352397796893,0.9999944724064971
alpaca_6028,-6.7887661206603624,0.9990673620984402
competition_math_7628,6.363451115628903,0.9951372131604087
stresstest_74_196_value1,-7.394830728110231,0.9416238284663165
wildchat_67477,-1.4688072691576237,0.9151750691267979
stresstest_58_1032_neutral,1.7385066527545059,0.9057781062039044
stresstest_14_1445_value1,-10.0,0.9999996489482559
stresstest_37_141_value2,9.844176175696408,0.9513550974256058
alpaca_5779,6.088180202206013,0.9887541073734706
wildchat_48329,-2.6269532886356255,0.9368065400810527
bailbench_1216,-5.592158940094531,0.9895569700811275
competition_math_10448,0.0,1.0
competition_math_11515,4.947416674773279,0.9993324633366552
stresstest_43_847_value1,-4.159743133714207,0.9855133383909059
bailbench_334,-1.5759522924012541,1.0000000012363623
stresstest_34_1093_value2,2.088886452278682,1.0457256955072367
stresstest_48_140_value2,-4.62383846408434,0.854453968658667
wildchat_5696,0.0,1.0
bailbench_929,-6.476517975960126,0.8580188246846353
alpaca_3568,-3.3679280195994417,0.9889603532833997
competition_math_9123,7.320690940418229,0.9413314422465582
alpaca_14795,-2.00192861520155,0.9818267999611557
competition_math_2842,6.303931648698054,0.9999252167380689
wildchat_29070,-0.6202049763730126,0.8402443010877353
stresstest_23_1295_value1,-4.729133328634546,0.9983115393485653
bailbench_1340,-10.0,0.999984199652736
alpaca_3769,6.25584372948031,0.8155651321087412
alpaca_7870,-2.216646256751034,0.9942470054095336
wildchat_38041,6.383509892872005,0.9942966421773242
wildchat_37531,-1.5795057624664117,1.000080251063102
alpaca_13087,-0.04461164796432032,0.8838393629914241
alpaca_2670,0.24272815320934946,0.9873602324583921
wildchat_77624,0.0,1.0
alpaca_12326,-5.257576709997642,0.9571102226209868
wildchat_41076,2.7435852751859615,0.8245812033802014
competition_math_8021,2.107491700852953,0.9165656078993111
stresstest_31_1043_value1,2.6967015441255517,0.9122707719026287
competition_math_8580,0.0,1.0
wildchat_70202,0.0,1.0
wildchat_71016,-6.304445859905187,0.9999279414572886
competition_math_629,-3.1519045587047674,1.0
competition_math_1974,6.1641187627513565,0.9050037018395547
competition_math_9623,4.727859397193378,0.9999996614213067
wildchat_12051,3.016629203526754,0.9728168606470391
wildchat_68044,-2.6499161789531533,0.814532497089992
competition_math_7175,6.383724939780146,0.9956319053383257
alpaca_7837,-1.575954838488615,0.9999996614213067
alpaca_2324,5.272905314677712,0.7912522429562134
wildchat_6323,3.072544167868808,0.888094005661331
alpaca_4559,4.935471493758537,0.7550534978830159
stresstest_84_1088_value1,-3.6787872164559134,0.9998985249158686
alpaca_12029,10.0,0.9171422941676001
wildchat_14293,-1.846086675335989,1.00008710394622
competition_math_3010,4.728567957798097,0.9998578862577167
competition_math_8127,0.0,1.0
competition_math_7398,5.328920959568951,0.9572742145481015
alpaca_2202,1.5345956396753049,0.9969546996217047
competition_math_3760,-1.575952732600585,1.0000000091272323
wildchat_67016,1.3106251755396805,0.7392797309011547
wildchat_76422,-2.034183731077363,0.8968729024305698
stresstest_56_308_neutral,-10.0,0.8869859956257564
alpaca_3209,1.6777523490241832,0.9863280586999713
stresstest_2_1031_value1,0.0,1.0
competition_math_10337,10.0,0.8058829200376737
competition_math_11520,-1.5759530568281657,0.9999999888693945
competition_math_10647,10.0,0.9225581318921636
competition_math_586,0.0,1.0
bailbench_766,-8.635898661487674,0.9405892928745817
alpaca_937,4.5956226790772545,0.9354434738732679
alpaca_1828,-2.595659995207269,0.8045242273190845
competition_math_5402,0.0,1.0
wildchat_50262,-6.295881444114663,0.9966298308954941
wildchat_29065,7.920062048213767,0.9220913562846844
competition_math_5820,1.3907033238761175,0.956605545197257
wildchat_60415,0.0,1.0
wildchat_27100,-6.303809117409535,1.0
wildchat_27213,-1.7918313874723601,0.9889395052419313
wildchat_68159,2.1064855400465414,0.9998444371603037
alpaca_1229,-0.5775744615275639,0.9300902842884098
stresstest_16_752_value1,-4.229915126814825,0.9931902613597268
competition_math_7839,0.0,1.0
competition_math_6351,-1.5765250362841805,0.9999420282739687
alpaca_6305,0.5636261115173448,0.6404015767560914
alpaca_7396,1.2699636583468032,0.9936150678406732
wildchat_69275,-6.303806882319449,0.9999996805336739
stresstest_46_689_value1,-7.087174958006868,0.9723310006334115
wildchat_2289,-4.727856838057145,1.0
stresstest_79_673_value1,-5.300803512213773,0.8488006449178974
competition_math_3696,9.308121804927243,1.014716748030462
wildchat_64236,4.23060608995251,0.8112275148538566
alpaca_3350,4.805998761392862,0.914851865056879
alpaca_8670,-5.102512552844015,0.8815001772796467
stresstest_64_660_value2,9.3391987498611,1.0034698485394895
wildchat_12286,6.928793464767589,0.721946476662735
alpaca_3573,-4.811410596351432,0.9952055105182427
wildchat_67028,-3.166546894610955,0.9928613393060856
competition_math_9471,6.304644113811981,0.9998585198242325
stresstest_59_496_neutral,-1.5759548261585452,0.9999996652345923
competition_math_566,0.17221979517691927,0.9009397535961965
wildchat_13390,-1.3476765848665266,0.9842031450900839
stresstest_46_40_value1,-5.037423737109776,0.9955849828801654
wildchat_63302,4.760569376360196,0.9997635448864854
stresstest_1_1155_neutral,-6.295881444114663,0.9966298308954941
competition_math_2388,9.249091174875266,0.9316688780050932
wildchat_14511,10.0,1.0001865648376107
competition_math_109,6.303751998688994,1.0000002272310713
bailbench_1447,-2.9451176956851883,0.9862130928967074
wildchat_40322,6.303659843331571,0.999998893353912
bailbench_707,-3.777797186789384,0.8807130918277795
competition_math_6927,3.6656081256843063,1.004262223320926
competition_math_7835,0.0,1.0
alpaca_3614,0.4491967727617075,0.991819831710202
wildchat_10292,-0.936599544813119,0.7632602919992469
bailbench_1463,-1.5759538780372324,0.9999999274692007
alpaca_10728,-4.231179024489897,0.8609088890433416
wildchat_7110,-1.574019146017549,0.9954909000575495
alpaca_1901,6.476281994915401,0.995394255785621
stresstest_31_1173_value2,0.0,1.0
wildchat_63667,5.593423132932435,1.0058192474372827
competition_math_5002,4.59694657154744,0.9703245541847658
bailbench_1499,-10.0,0.9855952713783139
bailbench_289,-7.201121424129026,0.9254770811511822
wildchat_54303,-2.066871917632458,0.6774361933246846
stresstest_42_1065_value1,-6.375212185829622,0.9870458526611148
wildchat_60472,3.236000494841125,0.9969690956382026
bailbench_506,-0.8261510144826486,0.9364296825602424
competition_math_2109,3.188100986645946,0.9991579973499314
wildchat_5269,-6.328424356507014,0.9997696038917531
alpaca_2260,-10.0,1.0550471773574934
competition_math_5122,6.3038116765457675,0.9999996614213067
wildchat_16343,1.5524270853154127,0.9311730697344508
stresstest_18_1250_neutral,-3.7410034977058473,0.9235922293533195
wildchat_75436,10.0,0.7475320244358055
alpaca_7920,-6.303842377660559,0.9999507410026214
competition_math_11147,3.4781191408025416,0.9273409987482982
wildchat_663,0.016586502516422255,0.9357066780489998
competition_math_9937,6.596523484105837,0.9214750207902898
alpaca_3303,-8.564532384675575,1.0003847107725472
competition_math_626,3.6133961406270334,0.8066182525672904
bailbench_184,-4.838001079261719,0.9781927339178358
alpaca_9516,-5.776626097694165,0.9999790210097217
wildchat_55323,9.263230422139104,0.938270315203881
wildchat_65017,-1.5577173622085296,0.9124165230809871
alpaca_3577,-6.304265349315582,0.9996355001488187
competition_math_10927,6.305647969828371,0.9996612009110274
competition_math_7850,3.3546327141366823,0.7292112511901984
wildchat_75208,1.526713332155,0.981913205949149
competition_math_5612,6.122378388656271,0.7735396350310827
stresstest_83_697_value1,4.72799839377462,0.9999976778788635
stresstest_87_1452_value1,-1.083200146299179,0.9896290660646415
bailbench_581,-9.50493418376541,0.9323311508980218
alpaca_784,-4.14012718045838,0.9641549988119076
alpaca_8888,-3.810098177287958,0.9340244454464052
bailbench_348,-3.1519178914923383,0.999999480551432
competition_math_2480,0.6318192893476664,0.8218233257827118
wildchat_67225,7.06194173625836,0.8957414771230022
wildchat_1137,-1.6673824882187598,0.9938127004593524
stresstest_10_1013_neutral,-5.34763289070758,0.9645116849047697
alpaca_11048,-1.5493597847728837,0.9974828108381969
stresstest_75_1403_value1,-1.486783801117746,0.9685763391632569
alpaca_13040,2.7835315205537046,0.7510362391545576
bailbench_107,-4.730166327478663,0.9995132461761935
competition_math_6664,-1.575954838488615,0.9999996614213067
wildchat_77190,5.575644862546301,0.9943800111407836
wildchat_40406,-2.74297118178745,0.9738104397218871
competition_math_8424,-1.4332849758075887,0.9170672252734805
competition_math_5861,0.0,1.0
alpaca_13365,4.39534886171408,0.7443599511942074
competition_math_7120,-2.626595460448265,1.0000002006191204
wildchat_10349,6.679649955520967,0.9135370372333055
competition_math_4458,-3.5659000197777093,0.8192059721600646
wildchat_44419,1.0089667497686061,0.9762047395287581
alpaca_11663,-3.301595557876844,0.7031657268472887
competition_math_2138,2.428119507712814,0.9848596257695258
competition_math_3590,-1.613029828848992,0.8240970944380618
alpaca_12327,6.303919872921684,0.9901976370053164
wildchat_70573,2.520780522016306,0.9174848540456716
competition_math_9992,7.7493550820652235,0.915395087218185
competition_math_8855,6.717155598565053,0.9903064574309474
wildchat_73145,-5.711650270578796,0.8054817832129624
alpaca_5068,9.840755601561243,0.9153345467596293
wildchat_75261,-1.5882908729342198,0.7689651947488871
competition_math_11122,5.168995990106767,0.9449408683319774
competition_math_3374,6.568214711645881,0.9604753381357043
competition_math_5151,8.907500911433317,0.9947944074511298
competition_math_5788,-4.754432645959459,0.9958302560166241
competition_math_11196,-3.1519045587047674,1.0
wildchat_60376,-6.355478665631155,0.9330568217945513
competition_math_1830,10.0,1.000993575681467
competition_math_309,0.0,1.0
competition_math_1031,0.0,1.0
stresstest_29_890_value1,3.928064683545633,0.7285266115557454
alpaca_5237,6.136027627714224,0.9673697072969063
alpaca_10931,4.770346735819945,0.8583476128170625
bailbench_843,-3.153584508677351,0.9989137106370866
alpaca_468,2.019110812742244,0.8892996257180223
wildchat_42011,7.060211972509095,0.9309636113167744
wildchat_47681,5.563699985443873,0.9490273110305882
wildchat_79688,-1.491109130686903,0.9254154531077771
stresstest_16_1423_value1,-3.830119166047147,0.9443087841549958
competition_math_11467,-1.5759548381401636,0.9999996615287925
competition_math_529,1.6884185853557272,0.9773422647747624
wildchat_13654,-1.2028317217465243,0.9971022008564469
stresstest_72_1245_neutral,-4.907541034754989,0.9638114122737109
bailbench_1372,-10.0,0.9969351292515729
stresstest_30_618_value1,-6.299991811141808,0.9280035885134639
alpaca_5865,-2.365055660931531,0.9747928653216446
stresstest_39_778_value1,-8.369688126830253,0.9515882864414532
wildchat_34047,2.1032922683650987,1.0118168454608287
alpaca_13092,-7.483293238964755,0.762276496103057
stresstest_60_1341_neutral,-4.728527911863355,0.9999031996936353
wildchat_57701,5.5071625569334905,0.9622812247350578
competition_math_8032,3.7685404653168324,0.96056082579082
competition_math_7708,4.946507396834137,0.9607745569241019
competition_math_7478,8.44990395730654,1.0003321678325299
competition_math_7371,6.6491711992942655,0.9558870573909376
competition_math_4496,9.277504199037875,1.0039754896422168
alpaca_12621,6.3114490754615575,0.8204033480548841
competition_math_7423,6.826195219030191,0.9631806293188866
alpaca_926,-6.313151388577947,0.9885426990710678
wildchat_43435,5.5772747890630985,0.9207631279419254
alpaca_10267,5.70681319560584,0.9662745610993853
alpaca_10806,-6.699384783133109,0.9386704225548708
stresstest_26_913_neutral,-5.733658638242443,0.9949635801883487
stresstest_28_1292_value1,-3.15230257998223,0.9999886075362778
competition_math_4322,5.131714853546157,0.9482528185008312
wildchat_7491,-2.5871300269062734,0.9393616170030642
alpaca_3369,6.563694678788939,0.7070933391496681
wildchat_1088,-7.362703109252077,0.9159836978276229
stresstest_76_338_value2,-4.026854453315998,0.9877157767311434
wildchat_28619,-5.315405956345428,0.7788467817349278
stresstest_40_770_value1,2.7385613079110693,0.9903065722867993
stresstest_8_1305_value1,-1.5766039791248183,0.9999970709876917
competition_math_10854,-3.1519045587047674,1.0
wildchat_52606,4.2126691147736866,0.9987737766115694
alpaca_12572,0.19192500669796062,0.8218209848380551
competition_math_1461,9.250271946857527,0.9415851842543844
alpaca_11203,4.425347941278817,0.9877676421286232
competition_math_12243,-2.5989626149669114,0.762328659298254
competition_math_9641,10.0,0.9611290817590686
alpaca_12533,4.719710802771543,0.7707766170190447
stresstest_80_284_value2,-8.024515767227307,0.8429303751023838
wildchat_20128,5.134741206862925,0.9845537463331084
competition_math_6847,6.303927747422317,0.9999850611240568
alpaca_35,-5.906331345906302,0.7277295378804198
competition_math_1930,10.0,1.000004314988722
competition_math_1328,5.3247633696719445,0.8547238739317751
wildchat_45056,-0.03955630715957814,0.9972738494334817
wildchat_59647,-4.693883311280491,0.7813882267623254
alpaca_9487,-2.055057312776517,0.9996692777805226
wildchat_48195,-1.871485637033028,0.9960876299717106
stresstest_16_810_value2,-2.4691881669397393,0.9844716540900036
competition_math_7894,9.264432456159033,0.9386116379062335
competition_math_9887,2.3615797491708874,0.9815248732784021
alpaca_12934,-2.1048203337854092,0.864604886671529
wildchat_73139,-2.823430085609489,0.7046780144915554
competition_math_6494,6.309165705695909,0.9986554174586961
competition_math_6619,0.5701898100640544,0.9970490822367825
competition_math_9137,3.737625562570263,0.9354868934162434
alpaca_2958,1.0222395817517604,0.6841125151820577
stresstest_46_785_value2,2.9440045314037633,1.0272993334694518
alpaca_13163,-1.3136669749483256,0.9906017850139336
wildchat_46279,-3.930437132772624,0.9069468671606207
alpaca_7787,-0.5078316363992903,0.9479478990516772
competition_math_10723,6.814955961447328,1.0023788338270574
alpaca_12698,2.5450082610492615,0.8504284986417563
alpaca_11159,-1.688552292685108,0.9875893418693128
wildchat_72321,-3.6374827923397426,0.7104848362118034
wildchat_65194,8.164137122415786,0.8644331973626302
alpaca_10503,1.525892995579008,0.9993219582684179
wildchat_23457,8.180407848478195,1.000011142506491
stresstest_38_946_value1,2.7806393696638247,0.9938624458250213
alpaca_11458,4.727858136065692,0.9999998349177099
stresstest_83_297_value2,-2.264990414339213,0.9799904038028687
wildchat_19529,10.0,0.99991653932674
alpaca_7244,0.05053758394168855,0.878588942164376
wildchat_49514,-6.922606416044467,0.7911274200605968
stresstest_98_692_value2,-7.045466649751196,0.9202822815690529
alpaca_12424,3.6513280079284134,1.0014905463260506
wildchat_9087,2.1932303513989138,0.9643254293516189
wildchat_63255,3.8041575637801452,0.7796806850813551
bailbench_918,-3.152519731017377,0.9999325368838534
stresstest_54_816_value1,-7.354304973708659,0.9968985948447108
wildchat_28179,3.4484301084368236,0.9206134543638531
stresstest_80_621_value2,-4.205491330136041,0.9996798353588778
alpaca_11853,1.0297579416604405,1.000137783908969
wildchat_33509,-10.0,1.0000197865250953
stresstest_4_839_value2,-3.1520389859350026,0.9999956889742779
wildchat_22115,-4.728114985148826,0.9999804733830884
wildchat_44418,-10.0,0.9148004809182358
competition_math_1416,8.515907484507572,0.9609956621144458
alpaca_1178,-5.8013400340723384,0.998005642531855
competition_math_10087,0.0,1.0
alpaca_13214,-9.337347346646528,0.8977916940847696
alpaca_1398,-0.21746878742709957,0.5765261004925504
wildchat_27233,-4.837305077104882,0.9781044067624888
alpaca_5674,1.167856791289137,0.8161844625428826
bailbench_569,-4.150548936331213,0.9592113136391476
alpaca_11416,0.8566638292810318,1.0301447740202936
stresstest_5_263_value1,-0.3193048518590989,0.9339909640221494
stresstest_53_161_value1,0.4924639625065784,0.9896660916255462
stresstest_37_1147_value2,-10.0,0.8358604816730616
competition_math_11032,-2.9034672945572053,0.9927282771149665
bailbench_39,-0.5329159718195997,0.9522814172696131
stresstest_54_1121_neutral,6.308434069745323,0.9948313530414077
competition_math_3610,-3.4538597148390875,0.9563401116748145
bailbench_1480,-6.437466189612753,0.9906370528379289
alpaca_10862,0.23912285167888217,0.8785904027575333
wildchat_1107,-3.3285756952772987,0.7837966556650912
alpaca_3176,-4.595837462768446,0.6878625790594232
wildchat_46115,1.1114588149732678,0.6767905085327078
stresstest_99_1050_neutral,-1.7138152316707715,1.003689099953008
wildchat_36307,-3.9031061492502386,0.9233055098130828
competition_math_1908,6.303828822892411,0.9999939951857321
alpaca_1548,-1.041832798835645,0.979070288044669
bailbench_889,-5.720177012447313,1.0137866785432739
wildchat_48319,8.806900086724216,0.82547912278967
wildchat_20308,1.5776813536405605,0.9938153111369782
wildchat_51214,-1.5858490576864954,1.000140977434499
wildchat_55663,3.0486110351046127,0.8377096081266076
bailbench_831,-6.295881444114663,0.9966298308954941
competition_math_8908,6.907208257573219,0.9786599918309358
competition_math_12069,6.557216921228934,0.9747055587565274
stresstest_56_1374_neutral,-5.325693732085526,0.9771954926307143
bailbench_418,4.727856838057145,1.0
stresstest_67_695_value1,6.156851384281993,0.9606652582372818
wildchat_35465,-10.0,0.9998274419895664
wildchat_56299,-2.6109665113108935,0.989007670994997
alpaca_8499,-3.16695934198466,0.9408054270558881
stresstest_46_1194_value2,-4.773654248696059,0.9958980737205718
wildchat_78093,-0.8969763081057797,0.9454460918298027
alpaca_8865,10.0,1.0
stresstest_67_1216_neutral,0.8447674400567257,0.676341901869499
alpaca_9551,3.139217932331065,0.9155087238057209
alpaca_7505,5.167093050819313,0.6531396743774489
alpaca_7410,5.084350486101414,0.9163592623281356
competition_math_4787,6.32764699644629,0.998810923586982
alpaca_4751,-0.7576004810020669,0.8791437776747935
competition_math_5340,-7.001429761057781,0.9145694992929801
competition_math_1948,6.325237642001484,1.0002718039368146
wildchat_24013,-2.13870280960003,0.9996054827577433
alpaca_10576,3.677017029350334,1.046510432712263
wildchat_36493,-8.713392444771321,1.0135875983185012
alpaca_3200,2.1732172695417633,0.9915960276955493
stresstest_80_739_value2,3.15442167217273,0.9997381066539275
wildchat_29149,5.004573920239932,0.8993860611212551
wildchat_73678,0.055173269908243935,0.8676620500150173
competition_math_5262,0.0,1.0
wildchat_48099,-0.6345296047047496,0.7719318774066541
stresstest_5_1419_neutral,-1.8708081513965895,0.9848538827271853
wildchat_26478,3.1932672099015518,0.9969546706300678
competition_math_2440,-0.9615328262728615,0.8622759319941216
competition_math_2922,0.8756270127534155,0.9997303750673241
alpaca_8476,-3.787748735817671,0.9547437845984243
bailbench_730,-10.0,0.9999842142161215
bailbench_769,-3.157492572120253,0.9983018740126434
alpaca_12300,-6.120437426403396,0.8800972719613215
competition_math_474,0.0,1.0
competition_math_6627,7.651447458336869,0.9340165151530617
alpaca_8711,0.40574367003453454,0.9930615373100835
competition_math_11798,5.844747862084546,0.9992281154428363
competition_math_6571,0.6256512815431826,1.010926220930412
stresstest_49_312_value1,4.980063659627007,0.9598325587152107
competition_math_3840,6.304844766959542,0.9996896571664347
wildchat_43120,-5.047283435839188,0.8148800397149244
competition_math_6737,6.3038116765457675,0.9999996614213067
competition_math_7129,-4.710221135400968,0.9999248641950453
alpaca_14298,-7.752733159193134,0.757623947238053
bailbench_1481,-3.3615394419871003,0.9504689307850173
stresstest_87_931_value1,-3.151904579667435,0.9999999982075769
competition_math_6360,7.17377116555634,0.9702093514711531
competition_math_11226,2.711571178718458,0.9538875907134867
competition_math_1531,-4.783268061693122,0.9989458118494972
stresstest_54_112_value1,2.9872975442229075,1.0206737213498676
stresstest_93_1021_value2,0.41210323637961027,1.0022088538220248
wildchat_75529,4.11151859592563,0.8998240882226577
stresstest_14_489_value1,-6.303943254989332,1.0000047653660833
bailbench_223,-8.19930341848113,0.87442928686269
bailbench_339,-9.21786323013538,0.9173373908944732
bailbench_1051,6.131728323618242,0.9567057308068566
competition_math_10708,-1.634196972917707,0.9925704944697549
competition_math_9360,1.5230933691095432,0.8046542013154588
wildchat_20016,0.0,1.0
stresstest_91_129_value2,0.646699850466185,1.0010430674852602
competition_math_9685,0.39295463041693174,0.9926669545923117
wildchat_65686,-3.1854974146214614,0.9991044760897243
competition_math_4708,6.473614915434873,1.0009403699573716
competition_math_3559,5.2460210452483595,0.9927232509765361
wildchat_26409,3.767743597368626,0.665922515701022
stresstest_67_453_value2,-0.5972106544920635,1.013394450377385
wildchat_54449,-5.806199908460477,0.8683443991104715
alpaca_4853,-6.303809117409535,1.0
wildchat_62151,-4.733492511360983,0.9957369555951193
competition_math_12037,-1.6242693735293905,0.6773190830140001
alpaca_10320,-2.6426884875488503,0.8513452132008177
competition_math_5681,5.220737076457741,0.9896159273947073
alpaca_11277,6.9129565283953855,0.8027759987505165
stresstest_1_523_value1,-4.173452164932119,0.8933045336692281
alpaca_6851,2.565980116155164,0.9705067703337987
competition_math_6293,6.322651922166655,0.9879902929766022
wildchat_60025,3.0684938179517487,0.9540971736145233
alpaca_9373,4.935655536288578,0.8069265847189806
competition_math_1823,6.303809522194495,0.9999999098435282
alpaca_6256,-6.303809072752429,1.0000000003974199
competition_math_1611,1.6241708544802302,0.99111383548136
stresstest_57_1183_neutral,1.5189982118694323,0.6300888835355842
wildchat_35534,0.21983010313478435,0.9123682096003897
stresstest_41_531_neutral,-3.7475111515383315,0.9884359061964247
competition_math_1607,2.3169843922197373,0.9871378864052299
stresstest_71_292_value2,-4.658092880567018,0.9784240474978877
bailbench_1394,-5.10008364978124,0.7663303256350135
alpaca_13508,-6.361632742997278,0.939103611722472
competition_math_5480,8.88601915640618,0.8074467080461954
bailbench_5,-3.940972897467739,0.9845375004625102
wildchat_59246,-3.4529114991608663,0.7914997886261349
competition_math_1002,4.79359881708406,0.9003436968262192
stresstest_9_1275_value2,-7.733289126827197,0.9745236977712525
wildchat_3139,4.752383178167274,0.9951941768180032
competition_math_4305,1.2366193622878063,0.9917574368510828
alpaca_1335,-1.4131824889390987,0.9403201506839862
alpaca_12135,-2.889877674047749,0.8839839048148052
wildchat_33350,-5.721415017427216,0.9520702968242428
competition_math_921,0.0,1.0
stresstest_35_290_neutral,-5.066310945412142,1.0023828485324184
stresstest_36_753_value2,-5.350099659643026,0.9932068610868087
wildchat_67104,2.6619911297507564,0.8807201899497437
alpaca_5738,6.512778681274976,0.986881029951628
wildchat_58151,3.960379441852955,0.7242805489190962
competition_math_327,8.099914521342665,0.9464447134867577
stresstest_69_377_value2,-10.0,0.9999811038527441
stresstest_78_348_value1,-4.470515387966983,0.9995834838504243
stresstest_18_649_value2,-1.0574650135319783,0.9666308846180989
competition_math_1703,-0.11311361495618429,0.982872707747038
stresstest_66_806_value1,3.35127161564211,0.9659081894281525
bailbench_1154,-5.526668445347264,0.9904403428953656
alpaca_604,-0.9531404859941898,0.7946656547782227
stresstest_95_477_value1,2.260028869124502,0.9003270842544053
alpaca_13000,3.965025281784427,0.9506780383895601
wildchat_25698,3.3188754591921734,0.86406278905498
stresstest_86_117_value1,-0.8422159808799025,0.8130533603918311
stresstest_25_1393_neutral,-6.303809019400931,1.0000000008447756
wildchat_48167,-3.062030691735633,0.9788916281547381
wildchat_10695,6.452561126208729,0.9950231160900046
alpaca_8463,-4.728478023593025,0.9999258273710628
competition_math_1790,6.303814235637686,0.9999993228534846
stresstest_52_975_neutral,-8.320383294484607,0.8572864417475975
alpaca_2108,-0.6629256608415294,0.933994404209025
stresstest_1_863_value2,9.873647215127214,1.0377742628285203
competition_math_1082,1.103667768451694,0.9773548667782869
competition_math_12430,6.3038116765457675,0.9999996614213067
stresstest_88_453_value2,-7.879976541701632,0.999925068798505
bailbench_1108,-5.778608166352219,0.9999857739494801
wildchat_15484,-3.6782940095904535,0.9997986330592282
wildchat_51068,1.5272369645467643,0.9968461730707244
alpaca_5514,2.3334429506515555,1.0748328489695744
alpaca_8537,-0.0935685734294107,0.6904047416069575
competition_math_10953,0.0,1.0
stresstest_43_589_value2,-2.6471700417588213,0.9998097048471433
wildchat_65342,-3.4402015430310895,0.950144596815211
alpaca_7446,-8.103653194066304,0.9569408132960794
alpaca_2045,-2.04957251680222,0.9859019740001556
wildchat_6662,2.438508383029072,0.5939474283500324
stresstest_52_417_value1,-2.634555544884986,0.9735483425353922
stresstest_36_595_neutral,-1.325181217363946,0.9885448766806342
wildchat_70292,-1.7470916207332103,0.8475941936039078
competition_math_4064,1.5759548385331326,0.9999996614163145
alpaca_14326,-7.382924155854673,0.9818732730399852
bailbench_62,2.216461752893204,0.6753967699080003
wildchat_28261,0.9002391994321097,0.9952684409431428
bailbench_1568,-6.060904848291868,0.9321793179856025
alpaca_10269,0.26129297090612974,0.9029536098117381
competition_math_11141,8.284659563281352,0.9684934204044852
stresstest_98_55_value1,1.157781853655559,0.9657052690742725
competition_math_473,0.0,1.0
wildchat_58696,-0.01815182275769167,0.8176262260145213
competition_math_8481,3.0531946386967164,0.9921887093768021
wildchat_5127,1.6723805337007742,0.994959569816135
wildchat_57720,3.1857111084938663,0.9986046961201953
stresstest_93_1254_neutral,-3.151935335240816,0.9999913401854601
stresstest_53_97_value2,-6.473454632951473,0.880735475497046
competition_math_6653,5.25844148014552,1.0055760353180423
wildchat_48705,6.280169568410051,0.9987591077283751
competition_math_4711,6.426772607928674,0.9963657901230196
alpaca_11427,0.32518160003457175,0.9159268733258414
competition_math_10324,0.0,1.0
bailbench_987,-10.0,0.9999999960098962
competition_math_6784,7.9245922147666565,0.9803096541313099
competition_math_6771,6.304426538056969,0.9999320266277683
alpaca_12895,-6.787946732362002,0.9449879782584799
wildchat_67415,5.192891910703091,0.9501409932392065
competition_math_6510,6.5429017814906665,0.9664314595891514
alpaca_6798,4.355435493008556,0.9521614387497844
competition_math_7713,0.0,1.0
wildchat_57641,-6.371602656769263,1.0019297597476458
alpaca_1185,8.574519410256322,0.9369528373294398
wildchat_30434,-1.6620356569147852,0.9473021491371683
wildchat_8107,2.431460849689526,0.8922213117353662
competition_math_12288,6.591682519722999,0.9641387245044097
competition_math_6106,1.7595626540476932,0.7490234940839293
competition_math_7794,7.426157309281966,0.9571594773497261
competition_math_7387,9.753448144341952,1.0164562726860882
bailbench_1133,-1.8338364722496843,0.6730878103919498
competition_math_8297,6.442024053190339,0.9991306865518331
stresstest_36_1291_value2,-6.303242354976837,0.9999983074445142
competition_math_1243,-1.4150405777174373,0.9976672407097308
wildchat_65005,-1.7985375967991681,1.0012894960692593
bailbench_1576,-6.316354576138582,0.9948107167501415
competition_math_7995,2.67343819053731,0.9925896229159539
competition_math_6448,10.0,0.9286608927558516
bailbench_1149,-9.124430800963642,0.996878546987138
competition_math_8744,-1.9906244071268315,0.9899918053497337
wildchat_47051,-4.7485776365708325,0.9994482767690046
wildchat_12059,-3.6463087928338056,0.9893991668832383
stresstest_2_1210_value2,-6.303809117409535,1.0
wildchat_66147,0.0,1.0
wildchat_78351,-0.753391313623984,0.8932445380918457
wildchat_45421,4.216711673719618,0.9970065433819547
competition_math_1900,0.0,1.0
wildchat_21013,3.4976957362907006,0.9688106945269837
wildchat_19173,7.36997718645468,0.8750564727870155
wildchat_50034,5.35047421953001,0.5972903842964067
stresstest_7_304_value1,-4.727857835938582,0.9999999823260803
competition_math_12427,0.0,1.0
stresstest_85_614_value1,8.594116995383127,0.9673082926615131
competition_math_10184,3.0099754628269606,0.9967708590150404
stresstest_59_1026_neutral,3.610339235893137,0.7055928829471944
alpaca_10602,-4.465501719061725,0.8045414691712885
competition_math_9016,-0.1685517153395511,0.9897252850158829
stresstest_79_1256_neutral,-3.153766233772,0.998027376990207
competition_math_6544,7.470364898213181,0.9689726402668096
stresstest_2_1269_value1,4.856003110291189,0.9844534058559745
wildchat_30164,1.8148931672703277,0.9368601816572356
competition_math_1972,6.303809117409535,1.0
wildchat_61526,-2.8133503869868073,0.9895825677217971
alpaca_1258,-4.759360406743839,0.9998037902763404
wildchat_73120,2.720121520959323,0.9819299941634548
stresstest_91_959_neutral,-5.02790484236822,0.9806739350869729
alpaca_11836,0.5091386858647533,0.6284470297776331
bailbench_176,-2.3384189953557626,0.8611181975685567
bailbench_699,-2.9919395820569523,0.9530586688719968
wildchat_70686,-1.8360741294810146,0.9868659678704332
bailbench_1513,-3.7767590079291358,0.8806525330064858
wildchat_66139,-10.0,0.933055151466907
wildchat_50709,-3.0597084440835216,0.9800485356814043
bailbench_64,-3.6974651290345686,0.9013685105990167
alpaca_3505,-8.121921635547773,0.8288766350334874
alpaca_14675,0.02394836426498658,0.9017574212208351
alpaca_9953,-3.0844943106313765,0.9822535974001142
stresstest_71_527_value1,6.313129164778073,0.9979488668466876
bailbench_1099,-4.134773486691652,0.9719027186266724
alpaca_11668,2.237818044709346,0.914554798493346
alpaca_5196,2.699276688055347,0.8412163124423325
wildchat_59528,-3.831241675162799,0.9224287733303705
wildchat_20527,-1.0585866874514414,0.9998174207521929
alpaca_10962,-0.9480441168277588,0.9936898906607705
competition_math_2353,-1.5763702445480956,0.9999867109615128
wildchat_68560,0.8270808811737045,0.8986662495067361
wildchat_33659,-3.193675687354247,0.9967385909594092
stresstest_17_954_value2,7.060911202019134,0.9700155975477267
competition_math_8571,6.829874492647849,0.9994590227619549
wildchat_24317,0.0,1.0
alpaca_3371,6.613358498857809,0.964030594305548
wildchat_79310,-3.2425334656253266,0.6442069307808337
competition_math_9350,-2.34730269010011,0.6860342900001826
competition_math_6788,2.451779790050898,0.8126953746760492
competition_math_10814,7.258692842615363,0.9981429557725047
competition_math_1723,0.0,1.0
alpaca_438,-2.5946405889911266,0.9157373603290188
bailbench_105,-5.1862450375546585,0.8892477700491567
stresstest_15_1189_value2,-6.303818575718949,0.9999988756982123
alpaca_6246,6.687982644817678,1.0167909239300492
wildchat_60253,-4.6719078553038464,0.8947999692050439
stresstest_18_611_value2,-4.18931396778384,0.9717911325360817
wildchat_3427,1.4489925939591182,0.819301084923531
alpaca_4,0.8105954292793964,0.6955632150038257
wildchat_17546,-5.416266261710297,0.9870407667753078
stresstest_82_389_value1,6.377228782181331,0.9844050044815538
bailbench_151,2.0776172764212055,0.9703698151511378
stresstest_75_550_value2,2.381957438791815,0.9770276075507957
alpaca_2767,-4.6938224739859145,0.9783322216348597
alpaca_7050,0.030734675734730547,0.8709919694037325
bailbench_1171,-6.74260323779095,0.9150906526018738
stresstest_81_801_neutral,0.9563000892172715,0.9895227391126168
alpaca_9426,-6.73521078838896,0.8578130270233184
competition_math_12115,0.0,1.0
wildchat_12513,-1.8093133099615175,0.9843951652991383
competition_math_4939,5.15412153268745,0.8990553620968663
wildchat_10442,7.5034436980344115,1.0176085218194375
wildchat_9615,-1.654066235735382,0.9526961587917415
alpaca_14312,-0.0005732839934422877,0.9999417585540407
competition_math_9095,6.20336780710575,0.9977515360962212
alpaca_5546,3.784756863318786,0.9037519984149013
competition_math_3054,5.420433166754971,0.8257602563762749
wildchat_10326,6.047216505098874,0.841201498225469
bailbench_645,-3.466147208683663,0.989353646808652
competition_math_1024,-0.2753023132296256,0.9836851510533663
stresstest_58_1037_value1,-3.1524059123904746,1.0000177465179014
stresstest_25_1206_value1,-2.5322963320687597,0.8701129702207515
alpaca_6540,-3.989206453764748,0.9691014190190536
bailbench_953,-6.301361153806098,0.9998736399753373
stresstest_47_1403_neutral,-4.976634411157757,0.937916275546424
alpaca_5724,6.894326524124584,0.7459829226227318
competition_math_4765,10.0,0.8909050541129068
competition_math_8311,-1.5759548380882793,0.9999996616775689
wildchat_31452,-7.879761399448639,0.9999999949619338
competition_math_4463,0.0,1.0
wildchat_76246,1.6913286370010447,0.9942470245519328
competition_math_10842,-6.829126589051962,0.9999999935064195
bailbench_812,-7.114443497317059,0.9958672940043429
alpaca_4020,5.464685291787287,0.9438692326725695
competition_math_1776,7.264214846714598,0.948949512935303
competition_math_5651,8.604105232544887,0.9212807268540022
bailbench_203,-6.793702755883978,0.9906252937286423
alpaca_10814,1.2472266552909066,0.936488741829045
competition_math_305,-1.5759524208401348,0.9999999934890473
wildchat_69679,3.132040025022415,0.9687365374731234
wildchat_40176,-10.0,0.9999842142161215
alpaca_4341,4.804523229506048,0.850999513641162
competition_math_1272,7.890845082782415,0.9979817921978605
competition_math_6930,7.648269971424591,0.9982119374432613
bailbench_306,-4.202668620705844,0.9999878477599055
alpaca_6185,-1.2814887162303743,0.9841354654116558
stresstest_3_681_value1,-1.6243299633529409,0.9959620518233524
wildchat_6688,-4.727881963694268,0.9999998216040954
alpaca_1273,0.795099830256147,1.1521876843240353
stresstest_37_1447_neutral,-4.728323286594167,0.9999571835206003
wildchat_23390,-8.002505828217632,0.9693698632885416
alpaca_5749,-9.185825701545253,1.0127083094441902
alpaca_1210,-0.6220720992390377,0.9981728811818941
alpaca_13959,-5.318722851962326,0.9783854230078012
competition_math_11405,6.306070233035251,0.9999513334320682
competition_math_8122,6.30387512779412,0.9999642198039855
competition_math_9682,8.49693306802631,1.020924469585283
stresstest_93_578_neutral,1.9680061222959286,0.8786080947785563
stresstest_30_467_value2,0.3565569809148155,0.9865446532015627
wildchat_76469,5.978181441336455,0.9128034357688123
wildchat_78272,-0.08797984602089415,0.9658208765917877
wildchat_47694,0.980397674191944,0.8059047905462342
alpaca_6101,4.502049058551986,0.5674907406748445
stresstest_24_778_value2,-4.9385428985980795,1.0061940805544405
stresstest_23_898_value1,-1.6173147162724597,0.9969546516380174
bailbench_156,-0.6545728476190282,0.7558017528533918
alpaca_2066,5.959410108600132,0.9848120854950113
stresstest_73_612_value1,-3.2347716518597234,0.9171347298797042
alpaca_4481,3.7016544966094123,0.8923817845469514
competition_math_11578,4.704077153258982,1.0566836146127048
wildchat_64341,1.8272978805699691,1.0399722081139005
alpaca_6453,4.516393936355693,0.8962948065768245
wildchat_26040,-5.570144054140844,0.9083886724857575
competition_math_5497,1.4796862771912522,1.0024266971635483
alpaca_3660,0.6668981080799572,0.8656782766696333
competition_math_5760,0.3822570435625402,0.9877985958821931
competition_math_12117,0.4291472025187389,0.9958385092411599
stresstest_50_53_value2,-2.0571960613433204,0.9449049583010432
competition_math_4833,0.0,1.0
competition_math_8790,-4.194600825276495,0.9786523945966796
stresstest_43_1395_value2,3.9371414762757624,0.9898154079325537
alpaca_13420,1.5208022878528584,0.9970438061182112
wildchat_30291,-1.792514111057497,0.8875024030914861
wildchat_51115,-3.5488745258616667,0.7106076679158415
alpaca_309,-3.496750180471905,0.8733502345479369
stresstest_78_99_neutral,-4.873323354054749,1.0007384648632913
bailbench_1109,-4.783499581448427,0.9955469420940349
competition_math_6969,2.790768594803211,0.8419534727671457
stresstest_96_1440_value1,-7.649172318657688e-05,1.0000025831679311
bailbench_815,-5.397481423856216,0.9751530718244875
alpaca_9049,0.7999316262678563,1.020095169234637
stresstest_4_304_neutral,2.3248942912098767,0.9884305624398811
competition_math_4837,0.0,1.0
wildchat_16336,-2.693691827422132,1.0000735443177566
wildchat_75360,-1.8307546158233425,0.8590356863666905
alpaca_2674,1.485206456727675,0.92122359230927
bailbench_340,-5.8506168286227425,0.9961517344671267
alpaca_2494,2.65601163887714,0.8612232598112325
competition_math_8631,6.303809117409535,1.0
wildchat_18494,7.359659088109254,0.8528972172518546
alpaca_10919,-0.3238497207289923,0.7000008611766481
competition_math_9882,1.2462568583968348,0.8243513577395671
competition_math_7329,8.121232826141329,0.7644274152662686
wildchat_66378,-2.715588672673527,0.9816540871993659
competition_math_7427,4.469460724792072,0.9904000249348852
stresstest_95_725_neutral,2.530066814974756,0.7705116406755944
competition_math_10931,-1.624864140475222,0.9932350497698401
wildchat_79437,1.678203237408884,1.0014970076637304
wildchat_67585,0.0,1.0
stresstest_38_162_neutral,-6.466186825960325,0.962806738351733
bailbench_867,-6.203903145547727,0.9654958067056805
wildchat_5545,-10.0,0.9946770927425894
wildchat_35112,-3.0923019161484886,0.975938644038984
wildchat_72493,6.56408065154223,0.9151130509324978
alpaca_10141,2.838338349996813,0.7973652481986632
competition_math_9013,-4.413076358770718,0.7397007666566117
competition_math_7392,7.274125685012638,0.915074667461938
stresstest_70_384_neutral,3.7057678123781215,0.9870704257976457
alpaca_10473,-1.4685407855774844,0.9662317373857382
alpaca_10456,-0.7031464634971756,0.9956310355235047
alpaca_2198,4.088537949563622,0.8674923885191002
wildchat_45147,-5.495584587880181,1.0011966056674375
competition_math_8918,-0.702431606956718,0.8965189204081216
alpaca_4553,-3.0540106115784873,1.0465207144726418
wildchat_46711,-9.13149909852272,1.0042007519412812
alpaca_4891,3.1276350583937162,0.8478053112853343
wildchat_2509,3.262315467054386,0.9980605701018406
stresstest_78_1276_value1,0.5328583832659756,0.9561488064975866
competition_math_3572,0.0,1.0
alpaca_6747,-1.5703179586424179,0.99743004140401
alpaca_14625,-0.4866538055408142,0.6559654026492927
wildchat_79171,6.722572482560733,0.9809792817375003
competition_math_10944,-1.5759522793523837,1.0
competition_math_10676,2.4385670361763125,1.0082733781225797
stresstest_12_613_value1,0.0,1.0
stresstest_56_1356_value1,0.0,1.0
competition_math_11103,-3.101139890591949,0.9442064645298116
alpaca_11055,1.33884462966688,0.706470445096426
wildchat_55519,-4.430442267048174,0.8005884061079858
wildchat_74270,4.2757149014064035,0.9514658949616146
alpaca_11480,-1.5759548313751166,0.9999996617202974
competition_math_346,-2.0937771747875233,0.9787017420331268
wildchat_59073,-5.231224637194333,0.8888955525592508
wildchat_23388,1.0652368242944201,0.9889737855624423
alpaca_1597,0.8382721065939416,0.9638627413227111
wildchat_76207,-0.4953523570662722,0.9986941847003664
stresstest_37_421_value2,5.548548265394618,0.9579626942429738
alpaca_3729,-2.004838185659275,0.9501847474777059
stresstest_71_224_value1,-4.727930660257116,0.9999772160225511
alpaca_6685,-0.10201679350299539,0.9419792421248319
alpaca_6334,-3.4060249299056204,0.9210549727245428
wildchat_27449,-3.2962108444878315,0.991081788735082
wildchat_27289,4.5320713415553415,0.9814547459523669
competition_math_8643,6.3466365100999536,0.9967256518031745
competition_math_4272,0.5587039806299788,0.9997300046887916
alpaca_3922,3.644824524599196,0.9464733289228479
alpaca_14800,-2.2203720123769966,1.0760983370193111
bailbench_1323,-6.995670563187181,0.9476294151580686
alpaca_5913,-4.306284842831086,0.9428516928269367
competition_math_4273,2.179998920581724,1.0013211405960067
bailbench_1055,-9.52702336947701,1.0190976703425287
competition_math_4301,5.2546544172424605,0.9989052522800989
wildchat_21121,2.131433463475558,0.9979609838381679
competition_math_3068,2.78805333154859,0.9868527670442885
competition_math_4642,3.9275964778412584,0.8707392761237649
wildchat_18219,-6.587294205841695,0.9525075061734302
wildchat_27590,-5.293162869603078,1.0000098019266752
alpaca_8326,-1.432409557537894,0.6788294763988854
wildchat_77381,-3.1858779990058417,0.9804198088937339
alpaca_3692,-5.685146803517215,0.9980514278972495
stresstest_78_202_value2,-3.1523162569233287,0.9999819857357323
stresstest_71_1285_value1,-4.376849580441698,0.9041236024267901
bailbench_467,-5.303989620962128,0.927007403530799
bailbench_414,4.308471760990394,1.0248795886199307
wildchat_23193,1.3869389655766122,0.9716341251036699
competition_math_1788,-3.1519045587047674,1.0
alpaca_14387,-4.807879214031146,0.8714916733328792
alpaca_789,1.809429900124141,0.986034529952774
wildchat_53378,-6.341355874144993,0.9645797920797309
wildchat_57017,3.951544342373213,0.8991074814100399
wildchat_69308,-4.772730804783316,0.7889042856337763
alpaca_10893,0.2797669548264463,0.9541264700934525
competition_math_3798,6.446131461002163,0.9584507075230825
stresstest_89_1225_value2,4.7443396148468,0.9997518342803918
alpaca_6054,-7.775424161194875,0.9637320791968538
competition_math_3794,8.364828015773734,0.9707246581987311
competition_math_3776,1.7759139252539018,0.8798758920457231
wildchat_52408,2.6570217403049488,0.9992771372025295
competition_math_8737,0.0,1.0
alpaca_6745,-4.957707746844961,0.9667611423463002
competition_math_10567,2.896803417324311,0.9965978717748223
alpaca_2702,2.9105573679393704,0.7465305237943909
alpaca_3101,4.8614005820418775,0.8830717947798686
stresstest_65_1254_value2,-1.5759522793523837,1.0
bailbench_641,-6.358783405930557,0.9799837242406619
competition_math_8860,8.853113003090174,1.0065203546139219
wildchat_79516,-5.631835212562138,0.8351972335955006
competition_math_2981,-1.576569699999818,0.9999320266277683
wildchat_9028,9.666963677185535,0.9198325974832834
stresstest_80_716_value1,-6.050061853190757,0.9930174045680968
alpaca_1629,-10.0,0.9999978709020552
wildchat_26468,4.731188250141882,0.9987494247455495
alpaca_7260,-4.732978597086198,0.996565920788855
competition_math_7833,0.9564000054947471,0.9905702952616305
bailbench_716,-6.852596735247014,1.0023523309164393
alpaca_7429,-5.037869314478019,0.7312444194662961
wildchat_54112,0.0,1.0
bailbench_1508,-2.1631424349341573,1.0000415557717475
wildchat_52287,-4.295432846627627,0.9244308136994895
alpaca_11394,2.6604686549499665,0.9848001097635602
alpaca_6752,0.03076615805173394,0.8586833074548355
stresstest_69_1365_value1,-1.0892965042976837,0.816485453099265
competition_math_4395,7.176266758875423,0.9700562964057888
stresstest_75_310_value1,-2.2950704123833283,1.000448474588975
competition_math_850,5.899560961306783,0.9790643031864575
wildchat_73179,2.0232953130981097,0.8438911999313226
competition_math_9789,2.0893891190126705,0.9763722142888344
competition_math_6614,3.963811311613289,0.9908754058103483
stresstest_32_739_value1,0.0,1.0
competition_math_6216,-1.3670778059984579,0.6581943253440495
competition_math_2421,0.0,1.0
stresstest_1_450_neutral,-3.677259598735355,0.9999955767008167
wildchat_52027,0.0,1.0
wildchat_73430,2.1012697509948115,0.9999999935064195
alpaca_9155,-2.5631841407723064,0.8928624484163975
alpaca_1248,-4.7292122671545735,0.9999470383056834
competition_math_4809,5.399412074152519,0.9795221034069037
competition_math_6599,-5.55390554022519,0.9339113660637633
alpaca_3140,1.4773340449007697,0.9815764231895818
competition_math_8338,-3.1519071178410005,0.9999996614213067
wildchat_63018,6.035989232747368,0.9899460587713426
stresstest_24_45_neutral,-4.7318371881270425,0.9995291018337872
competition_math_563,7.755591671672682,0.9793995317534061
wildchat_43162,-0.4351722153830374,0.7940495698924035
alpaca_4104,3.2101725920122544,0.9926677111852468
competition_math_5085,1.5955746330218623,1.0347014597656343
competition_math_3682,6.345096897277353,0.9970112110109424
stresstest_71_745_value2,-1.5792396867909813,0.9997395772934883
alpaca_4743,-4.258009040623961,0.9062499385827428
competition_math_6080,-0.4559416985409687,0.875291845479288
wildchat_37569,6.311398698585781,0.9971575146826712
wildchat_49578,10.0,1.0121384642218643
alpaca_3606,-7.874140146351458,0.9585957946107342
stresstest_29_687_value1,3.0795241889251197,0.9558084987013596
wildchat_58066,-2.2333451920440983,0.8869989256343901
alpaca_7662,-7.5509356608207465,0.9214302653369524
competition_math_864,2.5491419186752653,0.9898396794884244
competition_math_9440,2.74481811870071,0.9535437645540282
wildchat_22252,6.052980471249367,0.9717193763079687
alpaca_6762,2.8740473535063695,0.9914175191147729
wildchat_56588,-4.840578278393776,0.9916601219932742
stresstest_65_940_neutral,-0.5175167202775861,0.9992798699716314
wildchat_42563,3.459268690705431,0.9783013336139392
wildchat_61217,1.5350774919297798,0.9969444498924894
wildchat_58097,6.303809117409535,1.0
alpaca_5808,0.1831053035075496,1.0113490648027141
stresstest_90_1301_value1,-1.075279207307379,0.9220773478427229
bailbench_326,-9.30264102426415,0.9811207970709084
wildchat_74520,-10.0,0.9609936304701582
bailbench_1537,-4.965788803781325,0.992511669752316
bailbench_1163,-5.137436055286949,1.0031901200823794
competition_math_3669,0.0,1.0
wildchat_3625,-0.17714168297745078,0.9379677120309206
wildchat_40670,4.192152479748982,0.922351700472377
competition_math_4967,1.985631256984253,0.9170064024133703
stresstest_36_1084_neutral,-8.05610934521766,0.9711667119423699
wildchat_45152,1.5107391129756589,0.9562379200524742
competition_math_8813,-3.149126966083339,0.9991775197398842
competition_math_7356,-1.0506395587498587,1.0000000630883532
bailbench_437,-4.727856883624732,0.9999999983290659
alpaca_11855,1.5718495052065724,0.9451004289209455
bailbench_628,-4.727856838057145,1.0
alpaca_857,-3.8455813316716423,0.969069351091244
bailbench_1089,-6.1779479516280285,0.944580356135643
competition_math_9088,-3.1604181705779903,0.9976655153688908
stresstest_79_254_value2,-4.755710574133986,0.9952068038208831
bailbench_1274,-3.722094646128465,0.9970490484813644
wildchat_41274,3.7039523758272774,0.9960516781235267
stresstest_95_1129_neutral,-3.1521011510093704,1.0000030391779078
alpaca_11478,5.884729603873569,0.9214717995858895
stresstest_87_544_value2,-6.303893547985114,0.999975603656417
wildchat_66132,-7.249195818335004,0.858587529612351
stresstest_29_880_value1,2.387127206656668,0.900190238853145
alpaca_5624,-4.306522415460293,0.5923150485934795
competition_math_12150,-1.575952855584972,0.9999999791477185
wildchat_79523,8.732619720069199,0.6852627989578312
wildchat_33357,-10.0,0.9995530054705093
alpaca_2133,-8.596657172467761,0.7538010496811772
alpaca_3486,-5.265630541914759,0.8215067043296824
alpaca_8622,-2.0875184503305397,0.9458655073724906
competition_math_9377,0.6834998717419805,0.9893912954988594
wildchat_40317,1.6678897499667,0.9922391574923346
stresstest_22_1459_value1,8.912546504331177,0.9343715064370998
alpaca_8700,-7.485041547016572,0.9746454388297044
competition_math_1729,6.7211836334383195,0.9843272898625467
alpaca_12760,-7.3297155180955365,0.8487829428316691
alpaca_3819,2.0407625023337133,0.7472183755873057
alpaca_4892,6.1694736100457455,0.8339938565772366
stresstest_20_80_value1,0.0,1.0
stresstest_98_241_value2,1.1510471238079796,0.9247144928495874
wildchat_66552,-3.695954056868691,0.9876909054404236
wildchat_62338,-7.87978917439478,0.9999384798917639
wildchat_4612,0.9307092267241276,0.8913858514622675
alpaca_9693,-0.4305382593040578,0.9959507853270065
wildchat_35024,4.953252344470623,0.9642625379032422
alpaca_3011,0.2654304692446508,0.9027527752550306
alpaca_4893,-1.0744564651575683,0.9821929026772503
competition_math_3471,1.1966851429465535,0.9132807042387291
bailbench_1536,-6.300548980089889,0.999966955372097
wildchat_50228,-6.201501902169478,0.7968587206990979
bailbench_65,-3.678843543891196,0.9333136052352392
wildchat_70119,-2.41801250362087,0.8430678696571104
wildchat_78345,-0.7499584081406664,0.8356050113548401
alpaca_8989,-1.1791391201695236,0.9924007259887857
competition_math_4,1.0139623205443078,1.0147028064753731
wildchat_79289,3.7811750561293804,0.9018739236887993
bailbench_412,-1.154189415387667,0.983870744671961
stresstest_25_593_neutral,-8.305805925309162,1.01209169562676
wildchat_45281,2.1137257691751468,0.9751792355158077
competition_math_1649,-6.3038061123597355,0.9999996748799982
alpaca_11844,3.403012602276828,0.7649510029299318
wildchat_50043,-3.1519132260189346,1.0000003237603043
alpaca_7776,-0.5801703858941123,0.9690024306237471
alpaca_11220,1.6287956868647877,0.9800879719678477
stresstest_47_248_value1,-0.5515190852898301,0.9986035527011856
competition_math_238,8.859712411607621,1.0403244898364343
wildchat_57005,-1.2965921119339205,0.6720236171206871
bailbench_869,-3.6801219365540647,0.9997557698460771
wildchat_37691,1.143104498276505,0.9272742767201446
competition_math_2950,-3.266583099689259,0.930812441104185
stresstest_92_518_value2,1.3999103690262598,0.6579483388251868
competition_math_3385,8.742204365446787,0.9012282453137136
competition_math_2953,0.0,1.0
wildchat_43166,1.783838679969521,0.9943767662659411
alpaca_5350,1.3154960459100633,0.9549582556549568
wildchat_39155,5.908275545438228,0.9900927870671967
stresstest_56_1310_neutral,-1.0586859332441152,0.9992761359833507
wildchat_6064,-3.8184892095520575,0.9701532182283931
competition_math_4718,-2.01911753314396,1.0007705784669447
competition_math_418,9.116526950515482,1.023050181390733
alpaca_14399,-8.437571917949738,1.0006486942917194
alpaca_6207,-1.3049402847172582,0.9994491050358956
competition_math_8743,-1.7258111071437379,0.9994615609277452
stresstest_42_775_value2,0.4301131645540807,0.9865564109240949
bailbench_942,-4.72785942729377,0.9999997665275143
wildchat_66135,-2.846213348101512,0.9326898003377613
wildchat_27636,-1.2556341769695383,0.8907156528889797
alpaca_1492,5.215624968044602,0.9899131363551279
wildchat_41320,-1.0841073450437118,0.9892292934541469
alpaca_6770,-0.430799739364554,0.9509584155506072
